latitud,longitud,victimas,genero,franja_horaria,fecha
-34.68757022,-58.47533969,1.0,1,4,2016-01-01
-34.66977709,-58.50877521,1.0,1,1,2016-01-02
-34.63189362,-58.39040293,1.0,1,7,2016-01-03
-34.68092974,-58.46503904,1.0,1,0,2016-01-10
-34.62246630,-58.38718297,1.0,1,5,2016-01-21
-34.68475866,-58.44451316,1.0,1,18,2016-01-24
-34.60825440,-58.50095869,1.0,1,19,2016-01-24
-34.66977709,-58.50877521,1.0,1,15,2016-01-29
-34.61303893,-58.38048577,1.0,1,1,2016-02-08
-34.62477387,-58.39114932,1.0,1,11,2016-02-10
-34.59912758,-58.43760020,1.0,0,5,2016-02-14
-34.64291993,-58.36882665,1.0,0,22,2016-02-14
-34.65970435,-58.44989671,1.0,1,16,2016-02-15
-34.65468721,-58.50990884,1.0,0,9,2016-02-17
-34.60653282,-58.37952223,1.0,1,16,2016-02-17
-34.63063795,-58.45157703,1.0,1,23,2016-02-17
-34.61079875,-58.38144696,1.0,1,6,2016-02-21
-34.70524971,-58.46244952,1.0,1,4,2016-02-28
-34.54738649,-58.49216191,1.0,1,7,2016-02-28
-34.63852623,-58.44497874,1.0,1,9,2016-02-28
-34.60028648,-58.38199706,1.0,1,10,2016-03-02
-34.54153077,-58.47378664,1.0,1,17,2016-03-04
-34.69843756,-58.47064556,1.0,1,12,2016-03-08
-34.65076549,-58.40623949,1.0,1,12,2016-03-12
-34.60443527,-58.39228965,1.0,1,6,2016-03-13
-34.63668504,-58.37813396,1.0,1,0,2016-03-14
-34.64358293,-58.46275892,1.0,1,11,2016-03-19
-34.67892743,-58.49683458,1.0,1,8,2016-03-21
-34.60883960,-58.40603217,1.0,1,1,2016-03-23
-34.63350444,-58.46076550,2.0,1,11,2016-03-29
-34.63350444,-58.46076550,2.0,1,11,2016-03-29
-34.67494416,-58.47832463,1.0,0,18,2016-03-30
-34.63693953,-58.43213235,1.0,1,19,2016-03-31
-34.53476874,-58.46743471,1.0,1,10,2016-04-11
-34.62571878,-58.38247061,1.0,1,5,2016-04-15
-34.59170240,-58.44759966,1.0,0,17,2016-04-15
-34.63657525428238,-58.37714647568196,1.0,1,0,2016-04-17
-34.68550712,-58.47305463,1.0,1,9,2016-04-19
-34.65076549,-58.40623949,1.0,1,4,2016-04-20
.,.,1.0,1,20,2016-04-20
-34.57558053,-58.48429180,1.0,1,9,2016-04-22
-34.68795245,-58.48695354,1.0,1,21,2016-04-23
-34.57964781,-58.40021959,1.0,1,20,2016-04-25
-34.57660058,-58.42957885,1.0,1,4,2016-04-26
-34.62556293,-58.38247542,1.0,0,14,2016-05-04
-34.62728101,-58.38222219,1.0,1,16,2016-05-08
-34.62953445,-58.49485242,1.0,1,18,2016-05-14
-34.61068024,-58.45227946,1.0,1,14,2016-05-20
-34.67512760,-58.48455411,1.0,0,17,2016-05-21
-34.58418569,-58.39056593,1.0,1,22,2016-05-22
-34.62704273,-58.39118948,1.0,1,3,2016-05-23
-34.62025108,-58.49021952,1.0,1,15,2016-06-11
-34.67732118,-58.49896559,1.0,1,6,2016-06-12
-34.66874679,-58.47461076,1.0,1,23,2016-06-12
-34.60356211,-58.46210891,1.0,0,16,2016-06-13
-34.60536123,-58.37027770,1.0,0,21,2016-06-13
-34.61463830,-58.40491455,1.0,1,23,2016-06-13
-34.54864492,-58.45504154,1.0,0,17,2016-06-16
-34.63931752,-58.52927982,1.0,1,6,2016-06-18
-34.55904606,-58.48721060,1.0,1,7,2016-06-22
-34.64228803,-58.42273092,1.0,1,18,2016-06-27
-34.62539009,-58.44788671,1.0,0,20,2016-06-28
-34.60135531,-58.38110563,1.0,1,22,2016-06-29
-34.65734100,-58.42378834,1.0,1,22,2016-06-29
-34.63652467,-58.48727942,1.0,1,16,2016-06-30
-34.62907067,-58.37864583,1.0,1,0,2016-07-03
-34.56767549,-58.50151750,1.0,0,15,2016-07-11
-34.55185825,-58.43233425,1.0,1,6,2016-07-14
-34.61112240,-58.41971993,1.0,1,22,2016-07-14
-34.53476874,-58.46743471,1.0,1,11,2016-07-15
-34.62301748,-58.44362126,1.0,1,3,2016-07-17
-34.59546519,-58.51713095,1.0,1,6,2016-07-23
-34.66684950051973,-58.47433193007387,1.0,1,7,2016-07-25
-34.61562810,-58.39038605,1.0,1,18,2016-07-26
-34.62356174,-58.40042405,1.0,0,16,2016-07-27
-34.59798754,-58.52340614,1.0,1,16,2016-07-29
-34.54795581,-58.49491054,1.0,1,23,2016-08-03
-34.65014993,-58.52932872,1.0,1,19,2016-08-07
-34.67316502,-58.50011639,1.0,1,23,2016-08-10
-34.65624369,-58.46635001,1.0,1,21,2016-08-14
-34.58435809,-58.45343236,1.0,1,0,2016-08-17
-34.58927731,-58.38090932,1.0,1,21,2016-08-19
-34.65429986,-58.37157668,1.0,1,8,2016-08-20
-34.63659934,-58.52280139,1.0,0,5,2016-08-24
-34.65903530,-58.51232237,1.0,1,20,2016-08-24
-34.57663634,-58.47461905,1.0,1,9,2016-08-25
-34.62282019,-58.38268809,1.0,1,4,2016-08-27
-34.64564271,-58.49603546,1.0,0,16,2016-08-27
-34.59394733,-58.41848605,1.0,0,11,2016-08-31
-34.54917673,-58.48935041,1.0,1,11,2016-09-02
-34.68475866,-58.44451316,1.0,1,20,2016-09-02
-34.58271474,-58.39936478,1.0,1,15,2016-09-03
-34.62694503,-58.37936704,1.0,1,3,2016-09-04
-34.56353635,-58.49659234,1.0,0,6,2016-09-04
-34.65194557,-58.47256391,1.0,1,7,2016-09-13
-34.64053676,-58.45130953,1.0,0,9,2016-09-14
-34.62884871,-58.46271207,1.0,1,15,2016-09-16
-34.64243791,-58.49020869,1.0,1,12,2016-09-17
-34.62125906,-58.52572109,2.0,1,22,2016-09-18
-34.62125906,-58.52572109,2.0,1,22,2016-09-18
-34.66677111,-58.44094791,1.0,1,10,2016-09-24
-34.63053890,-58.41914024,1.0,0,11,2016-10-02
-34.62764717,-58.37910942,1.0,1,12,2016-10-04
-34.64539318,-58.39871183,1.0,1,19,2016-10-09
-34.62477021,-58.41036975,1.0,1,2,2016-10-10
-34.58342690,-58.40204698,1.0,1,0,2016-10-14
-34.67648597,-58.48935287,1.0,1,5,2016-10-23
-34.56403694,-58.42260225,1.0,1,5,2016-10-24
.,.,1.0,0,0,2016-10-25
-34.59035925,-58.51537091,1.0,1,0,2016-10-25
-34.55922742,-58.45909670,1.0,0,20,2016-10-27
-34.56539579,-58.42008769,1.0,0,23,2016-10-28
-34.56147293,-58.45566399,1.0,1,2,2016-10-31
-34.59276462,-58.37533517,1.0,1,23,2016-11-05
-34.68475866,-58.44451316,1.0,1,4,2016-11-06
-34.63343907,-58.35975012,1.0,1,12,2016-11-07
-34.55953855,-58.44523595,1.0,1,20,2016-11-07
-34.63036565,-58.39626094,1.0,0,20,2016-11-09
-34.61799615,-58.38896772,1.0,1,21,2016-11-16
-34.59484504,-58.46536113,1.0,1,22,2016-11-16
-34.65273216,-58.40879146,1.0,1,18,2016-11-18
-34.64991946,-58.46451841,1.0,1,21,2016-11-23
-34.59485488,-58.42917090,1.0,0,15,2016-11-25
-34.68251141,-58.49007772,1.0,1,14,2016-11-26
-34.62772274,-58.52756365,1.0,0,16,2016-11-26
-34.61943202,-58.40638983,1.0,1,19,2016-11-26
-34.61740997,-58.47576807,1.0,1,6,2016-12-03
-34.68475866,-58.44451316,1.0,1,7,2016-12-04
-34.63635787,-58.51927194,1.0,1,5,2016-12-06
-34.57866344,-58.42525456,1.0,1,7,2016-12-06
-34.58518167,-58.45396573,1.0,1,5,2016-12-07
-34.59798754,-58.52340614,1.0,1,7,2016-12-10
-34.64119105,-58.42323628,1.0,1,6,2016-12-11
-34.62841919,-58.36926144,1.0,1,8,2016-12-12
-34.64119105,-58.42323628,1.0,1,10,2016-12-13
-34.55676497,-58.47935434,1.0,1,15,2016-12-15
-34.56379980,-58.50598256,1.0,1,17,2016-12-19
-34.62150748,-58.36607137,1.0,0,19,2016-12-25
-34.63174259,-58.41918902,1.0,1,8,2016-12-26
-34.63551751,-58.46749188,1.0,1,19,2016-12-26
-34.62960517,-58.46064174,1.0,0,8,2016-12-27
-34.61232875,-58.36956186,1.0,1,1,2016-12-28
-34.58788235,-58.40966671,1.0,0,4,2016-12-29
-34.61544091,-58.40288226,1.0,0,16,2016-12-30
-34.61028571,-58.46594230,1.0,1,1,2017-01-02
-34.64410277,-58.38957669,1.0,1,3,2017-01-05
-34.61529543,-58.38161660,1.0,1,17,2017-01-11
-34.58494351,-58.43917004,1.0,1,0,2017-01-16
-34.62743346,-58.41595919,1.0,1,13,2017-01-16
-34.62828656,-58.43564880,1.0,1,16,2017-01-16
-34.54979510,-58.50073810,1.0,0,2,2017-01-22
-34.65055290,-58.40969005,1.0,1,14,2017-01-24
-34.65098981,-58.38972622,1.0,1,7,2017-01-27
-34.55046754,-58.49185972,1.0,0,8,2017-01-28
-34.59963642,-58.39293417,1.0,1,15,2017-02-02
-34.62288231,-58.38099494,1.0,1,5,2017-02-03
-34.58095431,-58.42901200,1.0,1,8,2017-02-06
-34.66977709,-58.50877521,1.0,1,7,2017-02-09
-34.60509972,-58.38362373,1.0,1,5,2017-02-18
-34.62955795,-58.46589308,1.0,1,20,2017-02-23
-34.65424640,-58.43614426,1.0,1,17,2017-02-24
-34.64979057,-58.41842777,2.0,0,5,2017-02-26
-34.64979057,-58.41842777,2.0,1,5,2017-02-26
-34.63193250,-58.38332245,1.0,1,21,2017-02-26
-34.61196327,-58.45475488,1.0,1,9,2017-02-28
-34.64742455,-58.48501341,1.0,1,2,2017-03-07
-34.65872088,-58.47010988,1.0,0,8,2017-03-07
-34.62873635,-58.40997560,1.0,1,1,2017-03-11
-34.68359163,-58.48892175,1.0,0,5,2017-03-12
-34.60325478,-58.52466448,1.0,1,7,2017-03-12
-34.57929036,-58.42554218,1.0,1,7,2017-03-13
-34.61113641,-58.35881506,3.0,1,5,2017-03-23
-34.61113641,-58.35881506,3.0,1,5,2017-03-23
-34.61113641,-58.35881506,3.0,1,5,2017-03-23
-34.58159762,-58.51452347,2.0,0,18,2017-03-29
-34.58159762,-58.51452347,2.0,1,18,2017-03-29
-34.61799615,-58.38896772,1.0,1,3,2017-03-31
-34.64363363,-58.44516857,1.0,0,19,2017-04-01
-34.54560369,-58.43834197,1.0,1,9,2017-04-03
-34.63531854,-58.45485084,1.0,1,23,2017-04-03
.,.,1.0,1,9,2017-04-10
-34.62454175,-58.52449285,1.0,1,6,2017-04-14
-34.67198790,-58.46713742,1.0,1,6,2017-04-23
-34.65554754,-58.43850413,1.0,1,18,2017-04-27
.,.,2.0,1,11,2017-04-28
.,.,2.0,1,11,2017-04-28
.,.,1.0,1,3,2017-05-01
-34.68095739,-58.49413799,1.0,0,3,2017-05-05
-34.65326075,-58.37547846,1.0,1,20,2017-05-05
-34.58689719,-58.48680218,1.0,0,21,2017-05-07
-34.57962262,-58.49563989,1.0,1,8,2017-05-09
-34.59915940,-58.38403232,1.0,1,23,2017-05-09
-34.62693865,-58.38223382,1.0,0,9,2017-05-11
-34.67323292,-58.45966521,1.0,1,7,2017-05-13
-34.59871111,-58.39303911,1.0,1,13,2017-05-15
-34.63395999,-58.51262106,1.0,1,16,2017-05-15
-34.61646839,-58.38118367,1.0,0,10,2017-05-17
-34.60582475,-58.37653284,1.0,1,5,2017-05-20
-34.64035082,-58.37709334,1.0,1,16,2017-05-22
-34.60409469,-58.46002142,1.0,1,18,2017-05-22
-34.62801894,-58.43381970,1.0,1,2,2017-05-23
-34.66437532,-58.43580656,1.0,1,19,2017-05-27
-34.65997463,-58.52173071,1.0,1,14,2017-05-29
-34.59804273,-58.50791763,1.0,1,13,2017-05-30
-34.58226957,-58.49175088,1.0,1,23,2017-06-03
-34.60425669,-58.40781467,1.0,1,9,2017-06-04
-34.63787791,-58.52567073,1.0,1,12,2017-06-04
-34.60906385,-58.38154200,1.0,1,22,2017-06-12
-34.57805810,-58.38526125,1.0,0,14,2017-06-13
-34.58451712,-58.42934104,1.0,0,23,2017-06-17
-34.61781124,-58.40657493,1.0,1,16,2017-06-19
-34.64487785,-58.49525314,1.0,0,10,2017-06-22
-34.62932696,-58.39092851,1.0,1,22,2017-06-25
-34.64564271,-58.49603546,1.0,1,0,2017-07-04
-34.58703485,-58.38502878,1.0,0,12,2017-07-05
-34.63150425,-58.37261143,1.0,1,14,2017-07-07
-34.63905965,-58.51876802,1.0,0,7,2017-07-09
-34.61516101,-58.41095567,1.0,0,10,2017-07-10
-34.62519403,-58.36797542,1.0,1,22,2017-07-10
-34.64787051,-58.51514709,1.0,1,12,2017-07-13
-34.59171721,-58.51925642,1.0,1,5,2017-07-15
-34.54321216,-58.48671535,1.0,1,13,2017-07-15
-34.62282019,-58.38268809,1.0,1,22,2017-07-24
-34.54966288,-58.43633522,1.0,1,16,2017-07-25
-34.61765855,-58.52640838,1.0,0,8,2017-07-27
-34.59778875,-58.41894306,1.0,1,8,2017-08-06
-34.54972741,-58.46756026,1.0,1,19,2017-08-07
-34.63132912,-58.45715752,1.0,0,12,2017-08-08
-34.56213916,-58.42406784,1.0,1,19,2017-08-17
-34.61512051,-58.39674470,1.0,0,7,2017-08-21
-34.57084818,-58.44537508,1.0,0,10,2017-08-23
-34.65107080,-58.40056767,1.0,1,1,2017-08-24
-34.61853244,-58.38109568,1.0,0,9,2017-08-25
-34.58035258,-58.42533612,1.0,0,19,2017-08-31
-34.54395182,-58.46062311,1.0,1,11,2017-09-01
-34.54795581,-58.49491054,2.0,1,4,2017-09-02
-34.54795581,-58.49491054,2.0,1,4,2017-09-02
-34.63665402,-58.47130269,1.0,1,21,2017-09-04
-34.60189492,-58.37048800,1.0,1,14,2017-09-06
-34.64234110,-58.42023854,1.0,0,18,2017-09-07
-34.63997430,-58.45807401,2.0,1,9,2017-09-10
-34.63997430,-58.45807401,2.0,1,9,2017-09-10
-34.59573848,-58.37697717,1.0,0,6,2017-09-11
-34.58498660,-58.39100580,1.0,1,2,2017-09-15
-34.63089661,-58.42182126,1.0,1,18,2017-09-19
-34.58075791,-58.51389422,1.0,1,22,2017-09-20
-34.65232158,-58.37585415,1.0,0,7,2017-09-22
-34.66245085,-58.47297505,1.0,1,15,2017-10-02
-34.67216349,-58.46855503,1.0,0,1,2017-10-10
-34.59185043,-58.44254033,1.0,1,14,2017-10-12
-34.67926929,-58.46622247,1.0,1,6,2017-10-13
-34.68148508,-58.48003734,2.0,1,6,2017-10-14
-34.68148508,-58.48003734,2.0,1,6,2017-10-14
-34.59800248,-58.41192137,1.0,1,7,2017-10-16
-34.61349731,-58.44034689,1.0,0,12,2017-10-17
-34.64925746,-58.47155277,1.0,1,19,2017-10-26
-34.59967065,-58.47883099,1.0,1,5,2017-10-27
-34.69374130,-58.46552171,1.0,1,14,2017-10-30
-34.66777987,-58.44239720,1.0,0,18,2017-11-06
-34.59626814,-58.47032551,1.0,1,12,2017-11-07
-34.65522746,-58.41827843,1.0,1,8,2017-11-16
-34.59279388,-58.51280715,1.0,0,11,2017-11-17
-34.64385704,-58.46258582,1.0,1,10,2017-11-19
-34.68003614,-58.45064148,1.0,0,22,2017-11-19
.,.,1.0,1,23,2017-11-19
-34.62513374,-58.42717783,1.0,0,19,2017-11-23
-34.60724519,-58.46442001,1.0,1,21,2017-11-25
-34.69843756,-58.47064556,1.0,0,6,2017-11-26
-34.61223119,-58.41677733,1.0,1,17,2017-11-26
-34.67450313,-58.50251790,1.0,1,11,2017-11-28
-34.62438894,-58.40708125,1.0,0,10,2017-11-29
-34.61477051,-58.36947198,1.0,1,12,2017-11-30
-34.63934531,-58.51140889,1.0,1,1,2017-12-04
-34.65559133,-58.37460912,1.0,1,2,2017-12-04
-34.65073916,-58.41146277,1.0,1,17,2017-12-06
-34.61829385,-58.42855267,2.0,1,2,2017-12-11
-34.61829385,-58.42855267,2.0,1,2,2017-12-11
-34.63412287,-58.39035581,1.0,1,9,2017-12-11
-34.62656868,-58.45593915,1.0,1,21,2017-12-12
-34.64597065,-58.52866211,1.0,1,9,2017-12-17
-34.59407024,-58.52037476,1.0,1,21,2017-12-18
-34.61799615,-58.38896772,1.0,1,4,2017-12-20
-34.62771756,-58.47074114,1.0,0,13,2017-12-22
-34.65969965,-58.48200819,1.0,0,15,2017-12-26
-34.62297346,-58.39536773,1.0,1,22,2018-01-01
-34.61895467,-58.37456088,1.0,0,16,2018-01-03
-34.60395657,-58.44860217,1.0,0,10,2018-01-05
-34.54332766,-58.46129513,1.0,1,9,2018-01-09
-34.61953517,-58.36907201,1.0,1,22,2018-01-09
-34.62499107,-58.44062219,1.0,0,21,2018-01-10
-34.63601265,-58.52502765,1.0,1,2,2018-01-11
-34.61687778,-58.36659655,1.0,0,17,2018-01-12
-34.62763661,-58.36737389,1.0,1,2,2018-01-14
-34.63038658,-58.49807953,1.0,1,5,2018-01-18
-34.59088447,-58.39092703,1.0,1,10,2018-01-19
-34.68049201,-58.46912006,1.0,1,13,2018-01-26
-34.56786129,-58.48661286,1.0,1,8,2018-01-28
-34.65080597,-58.44074927,1.0,1,20,2018-01-31
-34.64684275,-58.38636298,2.0,1,1,2018-02-06
-34.64684275,-58.38636298,2.0,1,1,2018-02-06
-34.59276462,-58.37533517,1.0,1,10,2018-02-15
-34.63070603,-58.46963952,1.0,1,4,2018-02-17
-34.64543658,-58.37207554,1.0,1,7,2018-02-17
-34.59176378,-58.39189441,1.0,0,12,2018-02-17
-34.66518343,-58.45012957,1.0,1,22,2018-02-19
-34.64546845,-58.40184094,1.0,0,10,2018-02-22
-34.63966783,-58.37441153,1.0,1,0,2018-02-24
-34.62082399,-58.44110156,1.0,1,6,2018-02-24
-34.57827342,-58.47087351,1.0,1,23,2018-02-28
-34.62245140,-58.45962210,1.0,1,22,2018-03-04
-34.65476216,-58.41657793,2.0,1,4,2018-03-09
-34.65476216,-58.41657793,2.0,1,4,2018-03-09
-34.63722107,-58.41911301,1.0,0,23,2018-03-11
-34.64251042,-58.47120586,1.0,1,15,2018-03-13
-34.62049672,-58.47418944,1.0,1,18,2018-03-15
-34.57905579,-58.46720441,1.0,1,1,2018-03-20
-34.61779710,-58.46909362,1.0,1,10,2018-03-28
-34.56888640,-58.44704343,1.0,1,13,2018-04-02
-34.62902048,-58.50535541,1.0,0,7,2018-04-07
-34.59522198,-58.40021675,1.0,1,18,2018-04-11
-34.62919627,-58.46325991,1.0,0,16,2018-04-12
-34.59694755,-58.49471482,1.0,1,23,2018-04-13
-34.59975962,-58.39872610,1.0,1,18,2018-04-18
-34.60885045,-58.38872177,2.0,0,17,2018-04-20
-34.60885045,-58.38872177,2.0,1,17,2018-04-20
.,.,1.0,1,22,2018-04-21
-34.57305993,-58.45686132,1.0,0,11,2018-04-27
-34.64282424,-58.42281627,1.0,0,13,2018-04-27
-34.63953396,-58.38666024,1.0,1,18,2018-04-27
-34.61207587,-58.49122843,1.0,1,6,2018-04-28
-34.61866627,-58.40098306,1.0,0,9,2018-04-28
-34.57916920,-58.45448963,1.0,1,7,2018-04-30
-34.63931752,-58.52927982,1.0,1,3,2018-05-02
-34.59170240,-58.44759966,1.0,1,19,2018-05-08
-34.62925068,-58.46411215,1.0,1,10,2018-05-09
-34.55395823,-58.46213220,1.0,0,19,2018-05-11
-34.56203610,-58.45669422,1.0,0,18,2018-05-14
-34.64341878,-58.35977160,1.0,0,21,2018-05-15
-34.59070093,-58.49820145,1.0,1,20,2018-05-18
-34.59939180,-58.41059280,1.0,1,2,2018-05-20
-34.57121563,-58.47969138,1.0,0,11,2018-05-22
-34.61883916,-58.40351561,1.0,1,7,2018-05-29
-34.63918987,-58.51973844,1.0,0,13,2018-06-02
-34.62163006,-58.39311376,1.0,1,3,2018-06-03
-34.59082159,-58.43531242,1.0,1,6,2018-06-03
-34.63035454,-58.41178165,1.0,1,6,2018-06-08
-34.60189492,-58.37048800,1.0,1,12,2018-06-08
-34.61964833,-58.39883882,1.0,1,11,2018-06-10
-34.62082399,-58.44110156,1.0,1,1,2018-06-14
-34.59952725,-58.37093138,1.0,0,21,2018-06-16
-34.63953253,-58.45855262,1.0,1,1,2018-06-25
-34.59283447,-58.38161909,1.0,1,17,2018-06-26
-34.58698157,-58.45511899,1.0,1,11,2018-06-28
-34.62973033,-58.37724226,1.0,0,16,2018-06-29
-34.62930339,-58.45546217,1.0,1,9,2018-07-01
-34.59954925,-58.39897064,1.0,1,21,2018-07-04
-34.62126274,-58.40917826,1.0,1,15,2018-07-07
-34.61099738,-58.36726348,1.0,1,17,2018-07-10
-34.68454456,-58.48267426,1.0,1,13,2018-07-11
-34.65168841,-58.39546165,1.0,0,15,2018-07-11
-34.63376545,-58.46941984,1.0,1,6,2018-07-14
-34.58129246,-58.40367321,1.0,1,7,2018-07-15
-34.65014993,-58.52932872,1.0,1,9,2018-07-16
-34.62126274,-58.40917826,1.0,1,23,2018-07-16
-34.59473294,-58.41264127,1.0,1,6,2018-07-21
-34.66977709,-58.50877521,1.0,1,7,2018-07-23
-34.65903530,-58.51232237,1.0,1,22,2018-07-25
-34.64567171,-58.44744156,1.0,1,6,2018-07-29
-34.65869968,-58.49441273,1.0,0,15,2018-08-01
-34.69153196,-58.47976785,1.0,1,5,2018-08-02
-34.62260331,-58.36523349,1.0,1,7,2018-08-03
-34.62704273,-58.39118948,2.0,0,18,2018-08-03
-34.62704273,-58.39118948,2.0,1,18,2018-08-03
-34.65015854,-58.49019551,1.0,1,21,2018-08-10
-34.63023775,-58.41644362,1.0,1,19,2018-08-15
-34.54979510,-58.50073810,1.0,1,16,2018-08-17
-34.63036565,-58.39626094,1.0,1,17,2018-08-17
-34.67051543,-58.43284809,1.0,1,10,2018-08-18
-34.63659934,-58.52280139,1.0,0,18,2018-08-19
-34.59774487,-58.42336930,1.0,1,8,2018-08-20
-34.63105973,-58.38691681,1.0,1,8,2018-08-20
-34.58579880,-58.41169020,1.0,1,5,2018-08-23
-34.65117757,-58.46739825,1.0,0,0,2018-08-26
-34.67152226,-58.44483258,1.0,1,22,2018-08-31
-34.66128115,-58.43254025,1.0,0,10,2018-09-02
-34.69640164,-58.47199387,2.0,1,5,2018-09-09
-34.69640164,-58.47199387,2.0,1,5,2018-09-09
-34.62925068,-58.46411215,1.0,1,14,2018-09-12
-34.62367156,-58.36217754,1.0,0,10,2018-09-20
-34.54073130,-58.48098594,1.0,1,0,2018-09-21
-34.64640709,-58.41083404,1.0,1,0,2018-09-21
-34.64446729,-58.44609828,1.0,1,17,2018-09-27
-34.64035082,-58.37709334,1.0,1,8,2018-10-01
-34.63070603,-58.46963952,1.0,0,18,2018-10-03
-34.55161027,-58.43674281,1.0,1,22,2018-10-04
-34.61011987,-58.40596860,1.0,0,14,2018-10-06
-34.60463618,-58.36154069,1.0,1,14,2018-10-09
-34.60066507,-58.37062179,1.0,1,22,2018-10-10
-34.60207186,-58.43220014,1.0,1,3,2018-10-13
-34.64949724,-58.46958442,1.0,1,12,2018-10-19
-34.59970903,-58.44671397,1.0,0,9,2018-10-24
-34.61474911,-58.47152163,1.0,1,11,2018-10-25
-34.61807951,-58.39032921,1.0,1,2,2018-10-30
-34.64297861,-58.52887773,1.0,1,12,2018-10-31
-34.67981324,-58.49371157,1.0,1,10,2018-11-01
-34.66012327,-58.48266599,1.0,1,8,2018-11-04
-34.60774301,-58.40612253,1.0,0,14,2018-11-05
-34.66292532,-58.43613623,1.0,0,22,2018-11-05
-34.57208238,-58.48250732,1.0,0,13,2018-11-09
-34.63743280,-58.49945705,1.0,0,16,2018-11-09
-34.67233407,-58.47743966,1.0,1,1,2018-11-12
-34.67450313,-58.50251790,1.0,1,3,2018-11-12
-34.63682499,-58.52144411,1.0,1,19,2018-11-15
-34.65084045,-58.41650465,1.0,1,21,2018-11-16
-34.64055918,-58.52994219,1.0,1,12,2018-11-18
-34.56919739,-58.50993046,1.0,1,9,2018-11-19
-34.64592873,-58.52844623,2.0,1,4,2018-11-25
-34.64592873,-58.52844623,2.0,0,4,2018-11-25
-34.58695347,-58.45021367,1.0,1,4,2018-11-28
-34.62770192,-58.49022072,1.0,1,3,2018-12-03
-34.60106568,-58.36860866,1.0,1,19,2018-12-07
-34.57241534,-58.39490504,1.0,1,8,2018-12-12
-34.63070603,-58.46963952,1.0,0,14,2018-12-12
-34.64019887,-58.42349365,1.0,1,21,2018-12-12
-34.61265002,-58.37471802,1.0,1,14,2018-12-18
-34.62913916,-58.46438789,1.0,0,15,2018-12-18
-34.61100424,-58.38481975,1.0,1,20,2018-12-18
-34.62073702,-58.50751833,1.0,0,9,2018-12-21
-34.63888084,-58.44682986,1.0,1,6,2018-12-22
-34.61381341,-58.36004650,1.0,1,8,2018-12-22
-34.62085945,-58.41509546,1.0,1,17,2018-12-22
-34.57251072,-58.50997604,1.0,1,13,2018-12-25
-34.64047818,-58.48606475,1.0,1,5,2018-12-29
-34.57805810,-58.38526125,1.0,1,8,2019-01-08
-34.65082149,-58.45463662,1.0,1,4,2019-01-09
-34.59718073,-58.49121672,1.0,1,8,2019-01-12
-34.65284605,-58.47325712,1.0,1,19,2019-01-14
-34.63382309,-58.52108101,1.0,1,12,2019-01-19
-34.55509606,-58.41652702,1.0,0,5,2019-01-23
-34.61071660,-58.42891604,1.0,1,19,2019-01-26
-34.69156793,-58.47802293,1.0,1,22,2019-01-30
-34.62200207,-58.37564821,1.0,1,14,2019-01-31
-34.56961468,-58.42668489,2.0,1,7,2019-02-02
-34.56961468,-58.42668489,2.0,1,7,2019-02-02
-34.66252488,-58.51839930,1.0,1,1,2019-02-10
-34.67665828,-58.48432691,1.0,1,3,2019-02-17
-34.64457699,-58.43383830,1.0,1,7,2019-02-20
-34.58657938,-58.51664939,1.0,1,17,2019-02-20
-34.59703502,-58.49613012,1.0,1,6,2019-02-23
-34.63356284,-58.38313603,1.0,1,2,2019-02-24
-34.61632317,-58.39914719,1.0,1,7,2019-03-03
-34.54048625,-58.44927253,1.0,0,23,2019-03-03
-34.55374003,-58.45049163,1.0,1,12,2019-03-06
-34.63572989,-58.41288952,1.0,1,21,2019-03-07
-34.62561234,-58.45743597,1.0,1,22,2019-03-15
-34.62352245,-58.39123782,1.0,1,0,2019-03-15
-34.63637963,-58.52922765,1.0,1,8,2019-03-16
-34.58541957,-58.37208118,1.0,1,7,2019-03-19
-34.60937557,-58.41458534,1.0,1,13,2019-03-22
-34.69153196,-58.47976785,1.0,1,7,2019-03-28
-34.59511714,-58.39990285,1.0,1,11,2019-03-28
-34.60588536,-58.46051346,1.0,0,9,2019-04-06
-34.69153196,-58.47976785,1.0,1,10,2019-04-07
-34.62447891,-58.45457546,1.0,1,16,2019-04-09
-34.59832047,-58.36951669,1.0,1,19,2019-04-12
-34.60443790,-58.46415322,1.0,0,11,2019-04-16
-34.62150748,-58.36607137,1.0,1,1,2019-04-18
-34.65093074,-58.45537373,1.0,1,9,2019-04-21
-34.60053054,-58.37942637,1.0,0,14,2019-04-23
-34.62147504,-58.43680440,1.0,1,22,2019-04-26
-34.61971907,-58.40778291,1.0,1,23,2019-05-01
-34.54628513,-58.45212523,1.0,0,14,2019-05-04
-34.61520391,-58.50512382,1.0,0,11,2019-05-05
-34.63551751,-58.46749188,1.0,1,3,2019-05-09
-34.63679732,-58.44263580,1.0,1,12,2019-05-09
-34.65846419,-58.51140289,1.0,0,20,2019-05-11
-34.62465368,-58.38211431,1.0,1,15,2019-05-14
-34.59832047,-58.36951669,1.0,0,9,2019-05-21
-34.62036547,-58.41635217,1.0,0,12,2019-05-27
-34.57579669,-58.41316147,1.0,1,7,2019-06-03
-34.53825652,-58.47617802,1.0,0,9,2019-06-04
-34.63330028,-58.38641783,1.0,1,10,2019-06-06
-34.62038137,-58.45322169,1.0,1,7,2019-06-07
-34.56166498,-58.45849057,1.0,0,9,2019-06-08
-34.59411677,-58.41829559,1.0,1,23,2019-06-08
-34.63832093,-58.36376488,1.0,1,10,2019-06-11
-34.66004784,-58.46442668,1.0,1,17,2019-06-14
-34.58428769,-58.48222035,1.0,1,3,2019-06-20
-34.60283208,-58.36819005,1.0,1,19,2019-06-20
-34.62330939,-58.45877601,1.0,0,17,2019-06-29
-34.55760517,-58.44196498,1.0,0,19,2019-07-05
-34.63627822,-58.50622631,1.0,1,9,2019-07-10
-34.63099197,-58.38410880,1.0,1,22,2019-07-13
-34.63504312,-58.48100602,1.0,0,11,2019-07-17
-34.55781320,-58.45200171,1.0,0,18,2019-07-17
-34.56201105,-58.44462132,1.0,0,23,2019-08-01
-34.58711712,-58.45220688,1.0,1,1,2019-08-04
-34.62245140,-58.45962210,1.0,1,3,2019-08-06
-34.65414867,-58.41970850,1.0,0,16,2019-08-08
-34.64938031,-58.44187596,1.0,1,21,2019-08-11
-34.64276621,-58.49101637,1.0,1,15,2019-08-14
-34.66256502,-58.42493829,1.0,1,17,2019-08-14
-34.62930162,-58.40489318,1.0,1,5,2019-08-17
-34.59217875,-58.42686680,1.0,1,12,2019-08-22
-34.65620398,-58.47961100,1.0,1,11,2019-08-27
-34.63524207,-58.47439934,1.0,1,6,2019-08-28
-34.57926018,-58.46711912,1.0,1,1,2019-08-29
-34.53465378,-58.46514781,1.0,1,9,2019-08-29
-34.65584079,-58.37571078,1.0,1,23,2019-08-30
-34.65429986,-58.37157668,1.0,0,18,2019-09-05
-34.58070186,-58.39811256,1.0,0,3,2019-09-08
-34.65417740,-58.41125934,1.0,0,8,2019-09-12
-34.61866836,-58.41822901,1.0,1,5,2019-09-17
-34.53825652,-58.47617802,1.0,1,18,2019-09-17
-34.58623761,-58.46141281,1.0,1,16,2019-09-23
-34.66119740,-58.42985146,1.0,1,7,2019-09-25
-34.65839090,-58.48457413,1.0,1,8,2019-09-26
-34.63628186,-58.46572884,1.0,0,11,2019-09-27
-34.63419130,-58.49261744,1.0,1,22,2019-10-09
-34.58841560,-58.45283186,1.0,1,14,2019-10-15
-34.57418656,-58.47973681,1.0,1,21,2019-10-21
-34.65076549,-58.40623949,1.0,1,20,2019-10-22
-34.63107887,-58.36244648,1.0,0,15,2019-10-23
-34.64868027,-58.49962423,1.0,1,18,2019-10-24
-34.59559816,-58.44551437,1.0,1,20,2019-11-01
-34.63420319,-58.35608181,1.0,1,10,2019-11-03
-34.60907662,-58.46483679,1.0,1,11,2019-11-13
-34.59724326,-58.44368628,1.0,0,14,2019-11-18
-34.62907067,-58.37864583,1.0,1,15,2019-11-20
-34.62726382,-58.37560352,1.0,1,19,2019-11-22
-34.64815069,-58.47721439,1.0,0,8,2019-11-25
-34.58984288,-58.45134029,1.0,0,14,2019-11-25
-34.58368803,-58.49040794,1.0,1,17,2019-12-05
-34.64991178,-58.42102679,1.0,1,4,2019-12-17
-34.64143926,-58.52219407,1.0,1,14,2019-12-17
-34.59471640,-58.52169422,1.0,1,16,2019-12-18
-34.63206174,-58.47460416,1.0,0,4,2019-12-21
-34.59213355,-58.43910409,1.0,0,10,2020-01-04
-34.64646409,-58.45019436,1.0,1,20,2020-01-05
-34.60927582,-58.39337644,1.0,1,6,2020-01-11
-34.60919284,-58.39055614,1.0,1,21,2020-01-14
-34.62477021,-58.41036975,1.0,1,6,2020-01-14
-34.65412546,-58.44925765,1.0,1,12,2020-01-20
-34.61648696,-58.38156850,1.0,1,0,2020-01-27
-34.59804521,-58.40662899,1.0,1,7,2020-01-30
-34.60600850,-58.41985649,1.0,1,14,2020-02-04
-34.62214953,-58.38099833,1.0,1,5,2020-02-08
-34.61823178,-58.41803309,1.0,1,11,2020-02-12
-34.61783553,-58.40604003,1.0,0,21,2020-02-18
-34.57994061,-58.47549929,1.0,0,12,2020-02-20
-34.61600366,-58.51398484,1.0,1,2,2020-02-27
-34.62519403,-58.36797542,1.0,1,14,2020-02-28
-34.59879316,-58.37133616,1.0,1,13,2020-02-29
-34.61413568,-58.39613805,1.0,1,23,2020-03-05
-34.54200276,-58.44903073,1.0,1,14,2020-03-09
-34.62846670,-58.41972364,1.0,0,21,2020-03-10
-34.60557123,-58.40571596,1.0,0,17,2020-03-13
-34.59488319,-58.41451590,1.0,0,16,2020-03-14
-34.66245085,-58.47297505,1.0,1,6,2020-04-07
-34.63695178,-58.35791192,1.0,1,18,2020-04-09
-34.65177305,-58.50801713,1.0,1,7,2020-04-24
-34.60975108,-58.40258477,1.0,1,5,2020-05-12
.,.,1.0,1,6,2020-05-17
-34.68454456,-58.48267426,1.0,1,8,2020-05-18
-34.60221948,-58.44248936,1.0,1,10,2020-05-19
-34.63886726,-58.52909134,1.0,1,14,2020-06-10
-34.60646580,-58.45158942,1.0,1,15,2020-06-16
-34.65788529,-58.49344309,1.0,1,8,2020-06-30
-34.59635137,-58.44259166,1.0,1,23,2020-07-10
-34.53476874,-58.46743471,1.0,1,6,2020-07-19
-34.60922259,-58.41178158,1.0,0,3,2020-08-02
-34.63638927,-58.45068621,1.0,1,5,2020-08-04
-34.58778790,-58.42016954,1.0,1,18,2020-08-07
-34.65554754,-58.43850413,1.0,1,4,2020-08-29
-34.58345898,-58.40617526,2.0,1,4,2020-08-30
-34.58345898,-58.40617526,2.0,1,4,2020-08-30
.,.,1.0,1,19,2020-09-01
-34.57805810,-58.38526125,1.0,1,3,2020-09-12
-34.63491705,-58.44750470,1.0,1,1,2020-09-28
-34.68192648,-58.46745752,1.0,0,17,2020-09-29
-34.59717942,-58.37202621,1.0,1,17,2020-09-30
-34.62207347,-58.42779702,1.0,1,0,2020-10-05
-34.70524971,-58.46244952,1.0,1,3,2020-10-19
-34.60776782,-58.48440160,1.0,1,21,2020-10-27
-34.65174801,-58.46668375,1.0,1,14,2020-10-27
-34.59322448,-58.44958780,1.0,1,20,2020-10-29
-34.59276462,-58.37533517,1.0,1,20,2020-10-30
-34.57866344,-58.42525456,1.0,0,22,2020-11-01
-34.62981124,-58.48493828,1.0,1,0,2020-11-05
-34.60183884,-58.40480504,1.0,1,6,2020-11-07
-34.65417740,-58.41125934,1.0,1,3,2020-11-09
-34.62977080,-58.39956546,1.0,1,9,2020-11-19
-34.57868970,-58.49005682,1.0,1,12,2020-11-19
-34.69843756,-58.47064556,1.0,0,13,2020-11-21
-34.61945902,-58.47501560,1.0,1,7,2020-11-23
-34.63652467,-58.48727942,1.0,1,16,2020-11-24
-34.62794241,-58.37951690,1.0,0,6,2020-12-01
-34.65672199,-58.47750832,1.0,0,20,2020-12-03
-34.54048625,-58.44927253,1.0,1,14,2020-12-03
-34.61253541,-58.39246272,1.0,1,17,2020-12-04
-34.61047001,-58.52783814,2.0,1,7,2020-12-05
-34.61047001,-58.52783814,2.0,1,7,2020-12-05
-34.54836855,-58.49332664,1.0,1,16,2020-12-05
-34.63593897,-58.50178784,1.0,1,4,2020-12-07
-34.65476216,-58.41657793,1.0,1,22,2020-12-11
-34.58307887,-58.39731474,1.0,1,20,2020-12-12
-34.61790839,-58.38746381,1.0,1,5,2020-12-15
-34.59176378,-58.39189441,1.0,0,15,2020-12-17
-34.63551751,-58.46749188,1.0,1,23,2020-12-17
-34.62113271,-58.40280471,1.0,1,3,2020-12-19
-34.68475866,-58.44451316,1.0,1,7,2020-12-20
-34.62742408,-58.47110424,1.0,1,21,2020-12-20
-34.60373898,-58.38220928,1.0,1,14,2020-12-23
-34.61565025,-58.49794468,1.0,0,12,2020-12-24
-34.60111373,-58.47220945,2.0,0,6,2020-12-25
-34.60111373,-58.47220945,2.0,0,6,2020-12-25
-34.63217813,-58.43706741,1.0,1,5,2020-12-25
-34.54836855,-58.49332664,1.0,1,4,2020-12-27
-34.62622851,-58.37960727,1.0,1,18,2021-01-06
-34.64972472,-58.51061062,1.0,0,10,2021-01-07
-34.62941648,-58.43052224,1.0,1,7,2021-01-10
-34.63866836,-58.41455544,1.0,0,9,2021-01-11
-34.64730145,-58.46774439,1.0,1,21,2021-01-11
-34.56726817,-58.40786274,1.0,0,21,2021-01-12
-34.58622275,-58.48744301,1.0,1,10,2021-01-18
-34.65476216,-58.41657793,1.0,1,23,2021-01-22
-34.61134937,-58.45351111,1.0,1,5,2021-01-23
-34.54979510,-58.50073810,1.0,1,8,2021-01-23
-34.59564871,-58.39144148,1.0,1,1,2021-01-27
-34.68385968,-58.48191128,1.0,1,20,2021-01-29
-34.63652467,-58.48727942,1.0,1,6,2021-01-31
-34.59779521,-58.48328708,1.0,1,0,2021-02-02
-34.59724990,-58.49018543,1.0,1,3,2021-02-06
-34.68482689,-58.47230127,1.0,1,5,2021-02-14
-34.63168269,-58.38262614,1.0,1,4,2021-02-17
-34.60793518,-58.41047268,1.0,1,19,2021-02-20
-34.56353635,-58.49659234,1.0,1,1,2021-02-21
-34.60727189,-58.42462955,1.0,0,15,2021-02-21
-34.61185625,-58.41168345,1.0,1,5,2021-02-26
-34.55217303,-58.45157681,1.0,1,12,2021-02-28
.,.,1.0,1,9,2021-03-01
-34.67006054,-58.49573651,1.0,1,16,2021-03-03
-34.68795245,-58.48695354,1.0,1,3,2021-03-11
-34.64449357,-58.37562539,1.0,1,2,2021-03-15
-34.54795581,-58.49491054,1.0,0,15,2021-03-16
-34.64357704,-58.44147621,1.0,1,17,2021-03-29
-34.63215432,-58.46899119,1.0,1,18,2021-03-31
-34.63455776,-58.38685612,1.0,1,18,2021-04-03
-34.61765323,-58.38113667,1.0,0,10,2021-04-07
-34.54538956,-58.44112678,1.0,1,19,2021-04-10
-34.62743346,-58.41595919,1.0,1,17,2021-04-14
-34.64546845,-58.40184094,1.0,0,14,2021-04-19
-34.65679806,-58.44642231,1.0,1,9,2021-05-03
-34.59798754,-58.52340614,1.0,1,6,2021-05-09
-34.56219075,-58.46649069,1.0,0,7,2021-05-11
-34.57816791,-58.42653328,1.0,0,11,2021-05-14
-34.65303372,-58.50407099,1.0,1,12,2021-05-15
-34.53476874,-58.46743471,1.0,1,5,2021-05-20
-34.57728060,-58.40986646,1.0,1,8,2021-05-20
-34.63931792,-58.51739138,1.0,1,5,2021-05-21
-34.65556223,-58.50719962,1.0,1,18,2021-05-22
-34.64600222,-58.46712311,1.0,1,2,2021-05-25
-34.64035082,-58.37709334,1.0,1,17,2021-05-26
-34.58569883,-58.46033141,1.0,1,2,2021-05-31
-34.65633192,-58.42190745,1.0,1,16,2021-06-02
-34.56981410,-58.49026573,1.0,1,9,2021-06-03
-34.66902702,-58.45410344,1.0,1,20,2021-06-03
-34.55719892,-58.44751621,1.0,1,13,2021-06-10
-34.66005171,-58.42040352,1.0,1,19,2021-06-15
-34.68010798,-58.49530249,1.0,0,5,2021-06-20
-34.59477360,-58.44399875,1.0,1,12,2021-06-20
-34.65463857,-58.42759813,1.0,1,14,2021-06-22
-34.60456293,-58.40547222,1.0,1,12,2021-06-29
-34.65008280,-58.42473018,1.0,1,23,2021-07-09
-34.57563957,-58.39257023,1.0,1,23,2021-07-10
-34.54596153,-58.48941042,1.0,1,0,2021-07-21
-34.62783085,-58.39640740,1.0,0,1,2021-07-22
-34.61112240,-58.41971993,1.0,0,12,2021-07-22
-34.65012801,-58.40544588,1.0,0,9,2021-07-24
-34.64645957,-58.42003882,1.0,1,7,2021-07-27
-34.63348678,-58.46851293,1.0,0,4,2021-08-02
-34.65422917,-58.52931141,1.0,1,20,2021-08-02
-34.62699730,-58.42675754,1.0,0,8,2021-08-06
-34.61098186,-58.52933723,1.0,1,20,2021-08-06
-34.62764718,-58.37910943,1.0,1,9,2021-08-08
-34.61164474,-58.52161176,1.0,1,6,2021-08-15
-34.58697680,-58.41354692,1.0,1,17,2021-08-20
-34.65470804,-58.43960781,1.0,1,8,2021-08-28
-34.60003693,-58.40454610,1.0,1,16,2021-08-31
-34.59871111,-58.39303911,1.0,0,19,2021-09-01
-34.58405348,-58.39391034,1.0,0,12,2021-09-18
-34.54979510,-58.50073810,1.0,1,15,2021-09-20
-34.62786038,-58.38281301,1.0,1,14,2021-09-21
-34.65094083,-58.43980799,1.0,1,6,2021-10-16
-34.62933109,-58.44402387,1.0,0,7,2021-10-18
-34.62207347,-58.42779702,1.0,1,6,2021-10-23
-34.60097942,-58.40944147,1.0,1,3,2021-10-25
-34.59430160,-58.38277479,1.0,1,16,2021-10-28
-34.63800916,-58.37627355,1.0,1,13,2021-11-02
-34.62453459,-58.39591856,1.0,1,4,2021-11-06
-34.56015762,-58.45829717,1.0,1,0,2021-11-09
-34.64584795,-58.49142611,1.0,1,3,2021-11-11
-34.58679619,-58.37976155,1.0,1,6,2021-11-18
-34.57786555,-58.51271409,1.0,1,18,2021-11-20
-34.62352826,-58.44864864,1.0,1,10,2021-11-25
-34.59167894,-58.37795815,1.0,0,11,2021-11-27
-34.55555257,-58.45531707,1.0,1,15,2021-12-01
-34.62140594,-58.47633683,1.0,1,1,2021-12-02
-34.60256036,-58.38188582,1.0,1,11,2021-12-10
-34.62284918,-58.51989389,1.0,1,23,2021-12-11
-34.61011987,-58.40596860,1.0,0,6,2021-12-12
-34.64561636,-58.43353773,1.0,0,17,2021-12-13
-34.65117757,-58.46739825,1.0,0,1,2021-12-20
-34.61984745,-58.47293407,1.0,1,0,2021-12-30
-34.65021673,-58.47066794,1.0,1,10,2021-12-15
